dataset_id,prediction_score
1,1
2,0
3,1
4,0
5,0
6,1
7,0
8,0
9,0
10,1
11,1
12,0
13,1
14,1
15,0
16,1
17,1
18,1
19,1
20,0
21,1
22,1
23,1
24,0
25,1
26,0
27,0
28,0
29,1
30,0
31,1
32,1
33,1
34,0
35,1
36,1
37,0
38,0
39,0
40,1
41,0
42,0
43,1
44,0
45,0
46,1
47,1
48,0
49,0
50,0
51,0
52,1
53,0
54,0
55,0
56,0
57,0
58,1
59,1
60,1
61,0
62,1
63,1
64,1
65,1
66,0
67,0
68,1
69,1
70,0
71,1
72,0
73,1
74,1
75,1
76,1
77,0
78,1
79,0
80,1
81,1
82,1
83,1
84,1
85,1
86,1
87,0
88,0
89,1
90,0
91,0
92,0
93,0
94,0
95,0
96,0
97,1
98,1
99,1
100,0
101,0
102,1
103,0
104,1
105,0
106,0
107,1
108,1
109,1
110,1
111,1
112,1
113,0
114,0
115,0
116,1
117,0
118,1
119,0
120,1
121,1
122,0
123,1
124,0
125,0
126,1
127,1
128,0
129,1
130,0
131,1
132,0
133,0
134,1
135,0
136,0
137,1
138,1
139,0
140,0
141,0
142,0
143,0
144,0
145,0
146,1
147,1
148,1
149,0
150,1
151,0
152,1
153,1
154,1
155,0
156,0
157,0
158,0
159,0
160,0
161,1
162,1
163,1
164,1
165,0
166,1
167,1
168,1
169,0
170,0
171,0
172,0
173,1
174,0
175,0
176,0
177,0
178,1
179,1
180,1
181,0
182,0
183,1
184,0
185,1
186,0
187,1
188,0
189,1
190,1
191,1
192,1
193,1
194,1
195,1
196,1
197,1
198,0
199,1
200,1
201,1
202,0
203,0
204,0
205,0
206,1
207,1
208,0
209,0
210,1
211,1
212,0
213,0
214,1
215,0
216,1
217,0
218,0
219,1
220,1
221,0
222,1
223,0
224,1
225,1
226,0
227,1
228,0
229,0
230,1
231,1
232,0
233,0
234,0
235,0
236,0
237,1
238,1
239,1
240,0
241,0
242,0
243,1
244,1
245,1
246,1
247,0
248,1
249,1
250,1
251,0
252,1
253,0
254,1
255,0
256,1
257,0
258,0
259,1
260,0
261,1
262,1
263,1
264,1
265,0
266,0
267,1
268,1
269,0
270,1
271,0
272,0
273,0
274,1
275,0
276,1
277,0
278,1
279,1
280,1
281,0
282,1
283,1
284,0
285,1
286,1
287,0
288,0
289,0
290,0
291,0
292,1
293,0
294,1
295,0
296,1
297,1
298,1
299,1
300,0
301,0
302,1
303,1
304,0
305,1
306,0
307,1
308,1
309,0
310,1
311,0
312,1
313,1
314,0
315,1
316,1
317,1
318,0
319,1
320,1
321,1
322,1
323,0
324,0
325,0
326,1
327,0
328,1
329,1
330,1
331,1
332,1
333,0
334,1
335,0
336,1
337,0
338,1
339,0
340,1
341,0
342,0
343,1
344,0
345,0
346,1
347,0
348,0
349,0
350,0
351,1
352,1
353,0
354,1
355,1
356,0
357,0
358,1
359,1
360,0
361,1
362,0
363,1
364,0
365,0
366,1
367,0
368,0
369,0
370,1
371,0
372,0
373,1
374,0
375,0
376,1
377,0
378,0
379,1
380,1
381,1
382,1
383,1
384,0
385,1
386,1
387,1
388,0
389,0
390,0
391,0
392,1
393,1
394,0
395,1
396,1
397,1
398,1
399,1
400,0
401,0
402,1
403,0
404,0
405,0
406,1
407,1
408,0
409,1
410,1
411,1
412,0
413,0
414,0
415,1
416,1
417,1
418,1
419,1
420,0
421,1
422,1
423,1
424,1
425,0
426,1
427,1
428,0
429,1
430,1
431,0
432,1
433,0
434,1
435,1
436,0
437,1
438,1
439,1
440,1
441,1
442,1
443,1
444,1
445,1
446,1
447,0
448,1
449,1
450,1
451,1
452,1
453,1
454,0
455,1
456,0
457,0
458,1
459,0
460,1
461,0
462,1
463,1
464,0
465,0
466,0
467,1
468,0
469,0
470,0
471,0
472,1
473,0
474,0
475,1
476,0
477,1
478,1
479,0
480,0
481,0
482,0
483,0
484,1
485,0
486,0
487,1
488,0
489,0
490,1
491,1
492,0
493,0
494,1
495,1
496,1
497,1
498,1
499,0
500,0
501,0
502,1
503,1
504,1
505,0
506,1
507,1
508,1
509,0
510,0
511,0
512,0
513,0
514,1
515,1
516,1
517,0
518,0
519,0
520,0
521,1
522,0
523,1
524,1
525,0
526,1
527,0
528,0
529,1
530,1
531,1
532,1
533,0
534,1
535,1
536,1
537,0
538,0
539,0
540,1
541,0
542,0
543,0
544,0
545,0
546,1
547,0
548,1
549,0
550,0
551,0
552,0
553,0
554,1
555,1
556,0
557,1
558,1
559,1
560,0
561,0
562,0
563,1
564,1
565,0
566,1
567,1
568,0
569,1
570,1
571,0
572,1
573,1
574,0
575,1
576,0
577,0
578,1
579,1
580,0
581,0
582,1
583,0
584,1
585,1
586,0
587,1
588,1
589,0
590,1
591,0
592,0
593,1
594,1
595,0
596,1
597,0
598,1
599,1
600,1
601,0
602,0
603,1
604,1
605,1
606,0
607,0
608,1
609,0
610,1
611,1
612,1
613,0
614,1
615,1
616,0
617,1
618,0
619,1
620,1
621,0
622,1
623,1
624,0
625,1
626,1
627,1
628,0
629,1
630,0
631,0
632,1
633,1
634,0
635,0
636,0
637,1
638,0
639,0
640,0
641,1
642,0
643,1
644,0
645,1
646,0
647,1
648,0
649,0
650,0
651,0
652,1
653,0
654,0
655,1
656,1
657,1
658,1
659,0
660,1
661,1
662,0
663,0
664,0
665,1
666,0
667,1
668,0
669,1
670,1
671,0
672,0
673,1
674,1
675,1
676,1
677,1
678,0
679,1
680,1
681,1
682,0
683,1
684,1
685,0
686,1
687,1
688,0
689,1
690,0
691,1
692,1
693,1
694,1
695,0
696,1
697,1
698,1
699,1
700,0
701,1
702,0
703,1
704,0
705,1
706,0
707,1
708,0
709,1
710,1
711,0
712,0
713,0
714,1
715,1
716,0
717,1
718,0
719,1
720,0
721,1
722,1
723,1
724,1
725,1
726,0
727,1
728,0
729,0
730,0
731,0
732,1
733,0
734,0
735,1
736,0
737,1
738,1
739,0
740,1
741,1
742,1
743,1
744,1
745,1
746,0
747,1
748,0
749,0
750,1
751,1
752,1
753,1
754,0
755,0
756,0
757,1
758,0
759,1
760,0
761,1
762,1
763,1
764,0
765,0
766,0
767,1
768,1
769,0
770,0
771,1
772,1
773,1
774,1
775,1
776,0
777,1
778,1
779,1
780,1
781,0
782,1
783,1
784,0
785,0
786,1
787,1
788,1
789,1
790,1
791,1
792,1
793,1
794,1
795,1
796,1
797,1
798,1
799,0
800,0
801,1
802,1
803,0
804,0
805,0
806,0
807,0
808,0
809,0
810,1
811,1
812,0
813,0
814,0
815,1
816,0
817,0
818,1
819,1
820,0
821,0
822,0
823,0
824,1
825,0
826,0
827,1
828,1
829,0
830,0
831,1
832,0
833,0
834,1
835,1
836,1
837,0
838,1
839,1
840,0
841,0
842,0
843,0
844,0
845,0
846,1
847,1
848,1
849,1
850,0
851,1
852,1
853,1
854,0
855,0
856,1
857,0
858,0
859,0
860,0
861,1
862,1
863,0
864,1
865,1
866,0
867,0
868,0
869,1
870,1
871,1
872,1
873,1
874,0
875,0
876,0
877,0
878,1
879,1
880,1
881,0
882,1
883,1
884,1
885,0
886,0
887,1
888,0
889,0
890,0
891,1
892,1
893,1
894,1
895,0
896,1
897,0
898,1
899,0
900,1
901,1
902,1
903,0
904,1
905,1
906,1
907,1
908,1
909,0
910,0
911,1
912,1
913,1
914,1
915,0
916,0
917,0
918,1
919,0
920,1
921,1
922,0
923,1
924,1
925,1
926,0
927,0
928,0
929,0
930,1
931,1
932,1
933,0
934,1
935,1
936,1
937,1
938,1
939,1
940,1
941,1
942,1
943,1
944,0
945,1
946,1
947,1
948,1
949,1
950,0
951,0
952,1
953,0
954,0
955,1
956,1
957,0
958,1
959,0
960,0
961,0
962,1
963,0
964,0
965,1
966,0
967,1
968,0
969,1
970,0
971,0
972,1
973,1
974,1
975,0
976,0
977,0
978,0
979,1
980,1
981,0
982,1
983,0
984,1
985,0
986,1
987,0
988,1
989,1
990,1
991,0
992,1
993,1
994,1
995,0
996,0
997,0
998,0
999,1
1000,1
1001,1
1002,0
1003,1
1004,0
1005,0
1006,1
1007,0
1008,0
1009,1
1010,1
1011,1
1012,1
1013,1
1014,0
1015,0
1016,0
1017,1
1018,1
1019,1
1020,0
1021,0
1022,1
1023,1
1024,1
1025,0
1026,0
1027,1
1028,0
1029,1
1030,1
1031,0
1032,0
1033,0
1034,1
1035,1
1036,1
1037,1
1038,1
1039,1
1040,0
1041,0
1042,1
1043,0
1044,1
1045,0
1046,1
1047,0
1048,0
1049,1
1050,1
1051,0
1052,1
1053,1
1054,0
1055,1
1056,0
1057,0
1058,1
1059,1
1060,1
1061,0
1062,1
1063,0
1064,0
1065,1
1066,0
1067,0
1068,0
1069,0
1070,0
1071,1
1072,1
1073,0
1074,0
1075,0
1076,1
1077,0
1078,1
1079,0
1080,1
1081,1
1082,1
1083,0
1084,1
1085,0
1086,1
1087,0
1088,1
1089,1
1090,1
1091,0
1092,1
1093,0
1094,1
1095,1
1096,1
1097,1
1098,1
1099,0
1100,0
1101,0
1102,0
1103,1
1104,0
1105,0
1106,0
1107,1
1108,0
1109,1
1110,0
1111,1
1112,1
1113,0
1114,1
1115,0
1116,1
1117,0
1118,0
1119,0
1120,0
1121,1
1122,1
1123,1
1124,0
1125,0
1126,0
1127,0
1128,0
1129,0
1130,1
1131,1
1132,1
1133,1
1134,1
1135,1
1136,1
1137,1
1138,0
1139,0
1140,0
1141,1
1142,1
1143,0
1144,0
1145,0
1146,1
1147,1
1148,0
1149,0
1150,0
1151,1
1152,1
1153,0
1154,0
1155,1
1156,1
1157,0
1158,1
1159,0
1160,0
1161,0
1162,0
1163,1
1164,0
1165,0
1166,0
1167,0
1168,1
1169,0
1170,1
1171,0
1172,1
1173,1
1174,1
1175,0
1176,1
1177,0
1178,1
1179,0
1180,1
1181,1
1182,1
1183,1
1184,0
1185,1
1186,0
1187,0
1188,0
1189,0
1190,1
1191,1
1192,1
1193,0
1194,0
1195,1
1196,1
1197,0
1198,1
1199,1
1200,1
1201,0
1202,0
1203,0
1204,1
1205,1
1206,1
1207,1
1208,0
1209,1
1210,1
1211,1
1212,0
1213,1
1214,0
1215,1
1216,1
1217,0
1218,0
1219,0
1220,0
1221,0
1222,0
1223,1
1224,1
1225,1
1226,1
1227,0
1228,1
1229,0
1230,1
1231,0
1232,1
1233,1
1234,1
1235,1
1236,0
1237,1
1238,0
1239,0
1240,0
1241,0
1242,0
1243,0
1244,1
1245,1
1246,1
1247,1
1248,0
1249,0
1250,1
1251,1
1252,1
1253,0
1254,1
1255,1
1256,1
1257,0
1258,1
1259,0
1260,1
1261,0
1262,1
1263,0
1264,1
1265,0
1266,0
1267,1
1268,1
1269,1
1270,1
1271,0
1272,1
1273,1
1274,1
1275,1
1276,0
1277,1
1278,0
1279,0
1280,0
1281,0
1282,1
1283,0
1284,1
1285,0
1286,1
1287,1
1288,1
1289,1
1290,1
1291,1
1292,0
1293,1
1294,1
1295,0
1296,0
1297,0
1298,0
1299,0
1300,0
1301,1
1302,0
1303,0
1304,0
1305,0
1306,1
1307,0
1308,1
1309,1
1310,1
1311,1
1312,1
1313,1
1314,0
1315,0
1316,1
1317,1
1318,1
1319,0
1320,1
1321,1
1322,1
1323,0
1324,0
1325,0
1326,0
1327,1
1328,1
1329,1
1330,1
1331,0
1332,1
1333,1
1334,1
1335,0
1336,0
1337,0
1338,1
1339,1
1340,0
1341,0
1342,1
1343,1
1344,0
1345,1
1346,0
1347,1
1348,0
1349,1
1350,1
1351,0
1352,1
1353,0
1354,0
1355,0
1356,0
1357,1
1358,1
1359,1
1360,1
1361,1
1362,1
1363,0
1364,1
1365,1
1366,1
1367,0
1368,1
1369,1
1370,0
1371,0
1372,0
1373,0
1374,0
1375,0
1376,0
1377,0
1378,1
1379,0
1380,0
1381,1
1382,1
1383,0
1384,0
1385,1
1386,0
1387,0
1388,0
1389,1
1390,0
1391,0
1392,0
1393,0
1394,1
1395,0
1396,0
1397,1
1398,1
1399,1
1400,1
1401,1
1402,0
1403,0
1404,0
1405,0
1406,0
1407,1
1408,1
1409,0
1410,1
1411,1
1412,0
1413,0
1414,0
1415,1
1416,1
1417,1
1418,0
1419,1
1420,0
1421,0
1422,0
1423,0
1424,0
1425,1
1426,0
1427,0
1428,1
1429,1
1430,0
1431,0
1432,1
1433,1
1434,0
1435,0
1436,0
1437,0
1438,1
1439,0
1440,0
1441,1
1442,0
1443,1
1444,0
1445,1
1446,0
1447,1
1448,0
1449,1
1450,1
1451,1
1452,0
1453,0
1454,0
1455,0
1456,0
1457,1
1458,1
1459,0
1460,1
1461,1
1462,0
1463,1
1464,0
1465,0
1466,1
1467,1
1468,1
1469,0
1470,1
1471,1
1472,0
1473,0
1474,0
1475,1
1476,1
1477,0
1478,1
1479,1
1480,0
1481,0
1482,1
1483,0
1484,1
1485,1
1486,0
1487,1
1488,1
1489,0
1490,0
1491,1
1492,1
1493,1
1494,1
1495,1
1496,1
1497,0
1498,1
1499,1
1500,0
1501,1
1502,1
1503,0
1504,1
1505,1
1506,1
1507,0
1508,1
1509,1
1510,1
1511,1
1512,1
1513,1
1514,0
1515,0
1516,0
1517,0
1518,1
1519,0
1520,1
1521,0
1522,1
1523,1
1524,0
1525,1
1526,0
1527,0
1528,1
1529,1
1530,1
1531,1
1532,1
1533,0
1534,1
1535,1
1536,1
1537,1
1538,1
1539,1
1540,1
1541,0
1542,1
1543,1
1544,0
1545,1
1546,1
1547,1
1548,0
1549,1
1550,1
1551,1
1552,0
1553,1
1554,0
1555,1
1556,0
1557,1
1558,0
1559,0
1560,1
1561,0
1562,1
1563,0
1564,1
1565,0
1566,0
1567,1
1568,0
1569,0
1570,0
1571,0
1572,1
1573,1
1574,1
1575,0
1576,1
1577,1
1578,1
1579,1
1580,1
1581,0
1582,1
1583,1
1584,0
1585,1
1586,0
1587,0
1588,0
1589,0
1590,0
1591,1
1592,1
1593,1
1594,0
1595,1
1596,0
1597,0
1598,1
1599,0
1600,1
1601,1
1602,1
1603,0
1604,1
1605,1
1606,1
1607,1
1608,0
1609,0
1610,0
1611,1
1612,0
1613,0
1614,0
1615,0
1616,0
1617,0
1618,1
1619,1
1620,1
1621,0
1622,0
1623,0
1624,0
1625,0
1626,1
1627,1
1628,1
1629,0
1630,1
1631,0
1632,0
1633,0
1634,1
1635,1
1636,1
1637,0
1638,1
1639,1
1640,1
1641,1
1642,1
1643,1
1644,1
1645,1
1646,0
1647,0
1648,0
1649,0
1650,0
1651,0
1652,1
1653,1
1654,1
1655,1
1656,0
1657,1
1658,0
1659,0
1660,1
1661,0
1662,1
1663,1
1664,0
1665,0
1666,1
1667,0
1668,1
1669,1
1670,0
1671,1
1672,1
1673,0
1674,1
1675,1
1676,1
1677,0
1678,1
1679,1
1680,0
1681,1
1682,0
1683,1
1684,1
1685,0
1686,0
1687,1
1688,0
1689,0
1690,1
1691,1
1692,0
1693,1
1694,0
1695,0
1696,1
1697,1
1698,0
1699,1
1700,0
1701,0
1702,0
1703,0
1704,1
1705,1
1706,0
1707,1
1708,0
1709,1
1710,1
1711,0
1712,0
1713,0
1714,0
1715,0
1716,1
1717,0
1718,1
1719,1
1720,0
1721,0
1722,0
1723,0
1724,1
1725,1
1726,1
1727,0
1728,1
1729,1
1730,1
1731,1
1732,1
1733,0
1734,1
1735,1
1736,0
1737,0
1738,1
1739,0
1740,0
1741,0
1742,0
1743,0
1744,1
1745,1
1746,1
1747,0
1748,1
1749,1
1750,0
1751,0
1752,0
1753,0
1754,1
1755,1
1756,0
1757,0
1758,1
1759,0
1760,0
1761,1
1762,1
1763,0
1764,1
1765,1
1766,0
1767,1
1768,0
1769,1
1770,0
1771,1
1772,0
1773,0
1774,0
1775,0
1776,0
1777,1
1778,1
1779,1
1780,1
1781,1
1782,0
1783,1
1784,1
1785,1
1786,1
1787,1
1788,0
1789,1
1790,0
1791,0
1792,1
1793,1
1794,0
1795,0
1796,1
1797,0
1798,0
1799,1
1800,0
1801,1
1802,1
1803,0
1804,1
1805,0
1806,1
1807,1
1808,1
1809,0
1810,0
1811,1
1812,0
1813,0
1814,1
1815,0
1816,0
1817,1
1818,0
1819,1
1820,0
1821,1
1822,0
1823,0
1824,0
1825,1
1826,1
1827,0
1828,0
1829,0
1830,0
1831,0
1832,0
1833,0
1834,1
1835,0
1836,1
1837,0
1838,1
1839,1
1840,1
1841,0
1842,1
1843,0
1844,0
1845,0
1846,1
1847,0
1848,0
1849,0
1850,1
1851,1
1852,0
1853,1
1854,0
1855,1
1856,0
1857,1
1858,0
1859,0
1860,1
1861,1
1862,0
1863,1
1864,0
1865,1
1866,1
1867,0
1868,0
1869,1
1870,0
1871,0
1872,1
1873,1
1874,0
1875,1
1876,0
1877,0
1878,0
1879,1
1880,0
1881,0
1882,1
1883,0
1884,1
1885,0
1886,1
1887,0
1888,0
1889,0
1890,0
1891,0
1892,1
1893,1
1894,0
1895,0
1896,1
1897,1
1898,1
1899,0
1900,0
1901,0
1902,0
1903,0
1904,1
1905,0
1906,1
1907,1
1908,1
1909,0
1910,1
1911,0
1912,0
1913,1
1914,1
1915,0
1916,0
1917,0
1918,0
1919,1
1920,0
1921,1
1922,0
1923,0
1924,0
1925,0
1926,0
1927,1
1928,1
1929,0
1930,1
1931,0
1932,1
1933,1
1934,0
1935,0
1936,0
1937,1
1938,1
1939,0
1940,1
1941,0
1942,1
1943,1
1944,1
1945,0
1946,0
1947,1
1948,1
1949,0
1950,0
1951,1
1952,0
1953,0
1954,1
1955,1
1956,0
1957,0
1958,1
1959,0
1960,0
1961,0
1962,0
1963,1
1964,1
1965,1
1966,0
1967,0
1968,1
1969,0
1970,1
1971,1
1972,0
1973,0
1974,0
1975,0
1976,0
1977,0
1978,0
1979,0
1980,1
1981,1
1982,1
1983,0
1984,0
1985,1
1986,1
1987,0
1988,1
1989,1
1990,1
1991,0
1992,0
1993,1
1994,1
1995,0
1996,0
1997,1
1998,1
1999,0
2000,1
2001,0
2002,0
2003,1
2004,0
2005,0
2006,0
2007,0
2008,1
2009,1
2010,0
2011,1
2012,1
2013,0
2014,1
2015,1
2016,0
2017,0
2018,0
2019,0
2020,0
2021,0
2022,1
2023,1
2024,1
2025,0
2026,1
2027,1
2028,0
2029,0
2030,1
2031,1
2032,1
2033,0
2034,1
2035,0
2036,0
2037,0
2038,1
2039,1
2040,1
2041,1
2042,0
2043,0
2044,1
2045,1
2046,1
2047,0
2048,0
2049,0
2050,1
2051,0
2052,1
2053,1
2054,0
2055,0
2056,1
2057,1
2058,0
2059,0
2060,0
2061,0
2062,0
2063,1
2064,0
2065,1
2066,0
2067,0
2068,1
2069,1
2070,0
2071,0
2072,0
2073,1
2074,0
2075,1
2076,1
2077,0
2078,0
2079,1
2080,0
2081,1
2082,0
2083,1
2084,1
2085,1
2086,1
2087,0
2088,0
2089,1
2090,0
2091,1
2092,1
2093,0
2094,0
2095,0
2096,1
2097,0
2098,0
2099,1
2100,1
2101,0
2102,1
2103,0
2104,0
2105,0
2106,1
2107,1
2108,1
2109,1
2110,0
2111,0
2112,1
2113,0
2114,0
2115,1
2116,0
2117,1
2118,0
2119,0
2120,0
2121,0
2122,0
2123,1
2124,1
2125,1
2126,1
2127,0
2128,1
2129,1
2130,1
2131,0
2132,1
2133,1
2134,0
2135,1
2136,0
2137,1
2138,1
2139,1
2140,0
2141,0
2142,0
2143,1
2144,1
2145,0
2146,1
2147,1
2148,0
2149,0
2150,0
2151,0
2152,1
2153,0
2154,0
2155,0
2156,1
2157,0
2158,1
2159,0
2160,0
2161,1
2162,0
2163,1
2164,0
2165,0
2166,0
2167,0
2168,0
2169,1
2170,0
2171,0
2172,0
2173,1
2174,0
2175,1
2176,0
2177,0
2178,0
2179,1
2180,1
2181,0
2182,1
2183,1
2184,1
2185,0
2186,1
2187,1
2188,0
2189,0
2190,1
2191,0
2192,0
2193,0
2194,1
2195,1
2196,1
2197,1
2198,1
2199,1
2200,0
2201,1
2202,1
2203,0
2204,1
2205,0
2206,1
2207,1
2208,1
2209,0
2210,1
2211,0
2212,1
2213,0
2214,0
2215,1
2216,0
2217,0
2218,0
2219,0
2220,1
2221,1
2222,1
2223,0
2224,0
2225,1
2226,1
2227,0
2228,1
2229,1
2230,1
2231,1
2232,1
2233,1
2234,1
2235,0
2236,0
2237,0
2238,0
2239,0
2240,1
2241,0
2242,1
2243,0
2244,1
2245,0
2246,0
2247,0
2248,1
2249,1
2250,1
2251,1
2252,0
2253,0
2254,0
2255,1
2256,1
2257,0
2258,1
2259,0
2260,1
2261,0
2262,1
2263,1
2264,1
2265,0
2266,0
2267,1
2268,1
2269,1
2270,0
2271,0
2272,0
2273,0
2274,0
2275,1
2276,1
2277,0
2278,1
2279,0
2280,1
2281,0
2282,1
2283,0
2284,0
2285,0
2286,0
2287,0
2288,0
2289,0
2290,1
2291,1
2292,0
2293,0
2294,1
2295,1
2296,1
2297,0
2298,0
2299,1
2300,1
2301,0
2302,1
2303,1
2304,0
2305,0
2306,1
2307,1
2308,0
2309,0
2310,1
2311,0
2312,1
2313,0
2314,0
2315,1
2316,0
2317,1
2318,0
2319,1
2320,1
2321,1
2322,0
2323,0
2324,0
2325,1
2326,0
2327,0
2328,1
2329,0
2330,0
2331,0
2332,1
2333,0
2334,1
2335,1
2336,0
2337,1
2338,1
2339,1
2340,1
2341,0
2342,1
2343,0
2344,1
2345,1
2346,0
2347,0
2348,1
2349,0
2350,1
2351,0
2352,0
2353,1
2354,0
2355,0
2356,1
2357,0
2358,0
2359,1
2360,0
2361,1
2362,1
2363,1
2364,0
2365,1
2366,0
2367,1
2368,1
2369,0
2370,1
2371,0
2372,1
2373,0
2374,0
2375,1
2376,0
2377,1
2378,1
2379,0
2380,0
2381,0
2382,1
2383,0
2384,0
2385,0
2386,1
2387,1
2388,1
2389,1
2390,0
2391,0
2392,1
2393,1
2394,0
2395,0
2396,1
2397,1
2398,1
2399,1
2400,0
2401,1
2402,1
2403,1
2404,0
2405,1
2406,0
2407,0
2408,0
2409,0
2410,1
2411,0
2412,0
2413,0
2414,1
2415,1
2416,1
2417,1
2418,0
2419,1
2420,1
2421,0
2422,0
2423,1
2424,1
2425,0
2426,0
2427,1
2428,0
2429,0
2430,0
2431,0
2432,0
2433,0
2434,0
2435,1
2436,0
2437,0
2438,0
2439,1
2440,0
2441,1
2442,1
2443,0
2444,1
2445,1
2446,0
2447,1
2448,1
2449,0
2450,0
2451,0
2452,0
2453,1
2454,1
2455,1
2456,1
2457,1
2458,1
2459,1
2460,0
2461,1
2462,0
2463,1
2464,1
2465,1
2466,1
2467,0
2468,0
2469,0
2470,0
2471,1
2472,1
2473,1
2474,0
2475,1
2476,0
2477,0
2478,0
2479,1
2480,0
2481,1
2482,0
2483,0
2484,1
2485,0
2486,0
2487,1
2488,0
2489,0
2490,0
2491,0
2492,1
2493,1
2494,1
2495,1
2496,1
2497,1
2498,0
2499,0
2500,0
2501,0
2502,1
2503,1
2504,1
2505,0
2506,1
2507,1
2508,1
2509,1
2510,1
2511,1
2512,1
2513,0
2514,1
2515,1
2516,0
2517,1
2518,1
2519,0
2520,1
2521,0
2522,0
2523,0
2524,0
2525,0
2526,1
2527,1
2528,0
2529,1
2530,0
2531,1
2532,0
2533,1
2534,1
2535,1
2536,0
2537,1
2538,1
2539,1
2540,1
2541,1
2542,1
2543,0
2544,1
2545,1
2546,1
2547,1
2548,1
2549,1
2550,0
2551,0
2552,1
2553,0
2554,0
2555,0
2556,1
2557,1
2558,1
2559,0
2560,0
2561,1
2562,0
2563,0
2564,0
2565,1
2566,0
2567,0
2568,1
2569,0
2570,0
2571,1
2572,0
2573,0
2574,0
2575,1
2576,1
2577,1
2578,1
2579,0
2580,0
2581,0
2582,0
2583,0
2584,0
2585,0
2586,0
2587,0
2588,0
2589,0
2590,0
2591,0
2592,0
2593,0
2594,1
2595,1
2596,0
2597,0
2598,1
2599,1
2600,1
2601,0
2602,1
2603,1
2604,0
2605,0
2606,1
2607,0
2608,0
2609,1
2610,0
2611,1
2612,0
2613,0
2614,0
2615,0
2616,0
2617,1
2618,0
2619,1
2620,0
2621,0
2622,1
2623,1
2624,0
2625,1
2626,1
2627,0
2628,1
2629,0
2630,1
2631,1
2632,1
2633,0
2634,1
2635,0
2636,1
2637,0
2638,1
2639,0
2640,1
2641,0
2642,0
2643,1
2644,1
2645,0
2646,0
2647,1
2648,0
2649,0
2650,1
2651,0
2652,1
2653,1
2654,0
2655,0
2656,0
2657,1
2658,1
2659,0
2660,0
2661,0
2662,1
2663,0
2664,1
2665,1
2666,0
2667,0
2668,1
2669,0
2670,1
2671,0
2672,0
2673,0
2674,1
2675,1
2676,1
2677,1
2678,0
2679,0
2680,1
2681,0
2682,1
2683,0
2684,1
2685,1
2686,0
2687,0
2688,1
2689,1
2690,0
2691,0
2692,0
2693,1
2694,1
2695,1
2696,0
2697,0
2698,1
2699,1
2700,1
2701,0
2702,0
2703,0
2704,1
2705,0
2706,0
2707,0
2708,0
2709,1
2710,0
2711,0
2712,0
2713,1
2714,0
2715,1
2716,0
2717,0
2718,0
2719,0
2720,0
2721,1
2722,0
2723,0
2724,0
2725,0
2726,0
2727,1
2728,1
2729,0
2730,0
2731,1
2732,1
2733,1
2734,0
2735,1
2736,1
2737,1
2738,1
2739,1
2740,0
2741,0
2742,0
2743,0
2744,0
2745,1
2746,0
2747,1
2748,1
2749,0
2750,1
2751,0
2752,1
2753,0
2754,0
2755,0
2756,0
2757,1
2758,0
2759,1
2760,1
2761,0
2762,0
2763,1
2764,0
2765,1
2766,1
2767,0
2768,1
2769,0
2770,1
2771,0
2772,1
2773,0
2774,0
2775,1
2776,0
2777,0
2778,0
2779,1
2780,1
2781,0
2782,0
2783,0
2784,0
2785,0
2786,1
2787,0
2788,0
2789,0
2790,1
2791,0
2792,1
2793,0
2794,1
2795,0
2796,1
2797,1
2798,1
2799,0
2800,0
2801,1
2802,1
2803,1
2804,1
2805,1
2806,1
2807,0
2808,0
2809,0
2810,0
2811,1
2812,1
2813,1
2814,1
2815,0
2816,0
2817,0
2818,1
2819,1
2820,0
2821,1
2822,0
2823,1
2824,0
2825,1
2826,1
2827,0
2828,1
2829,0
2830,1
2831,0
2832,0
2833,0
2834,0
2835,1
2836,1
2837,1
2838,1
2839,1
2840,1
2841,1
2842,1
2843,0
2844,1
2845,1
2846,1
2847,0
2848,0
2849,1
2850,1
2851,0
2852,1
2853,0
2854,0
2855,0
2856,0
2857,0
2858,0
2859,1
2860,1
2861,1
2862,1
2863,1
2864,0
2865,0
2866,0
2867,1
2868,1
2869,1
2870,1
2871,0
2872,0
2873,1
2874,1
2875,1
2876,0
2877,1
2878,0
2879,1
2880,0
2881,0
2882,1
2883,1
2884,0
2885,0
2886,1
2887,0
2888,1
2889,0
2890,1
2891,0
2892,0
2893,0
2894,1
2895,1
2896,1
2897,0
2898,1
2899,0
2900,0
2901,1
2902,0
2903,0
2904,0
2905,1
2906,1
2907,1
2908,0
2909,0
2910,1
2911,1
2912,0
2913,1
2914,0
2915,0
2916,1
2917,1
2918,0
2919,1
2920,1
2921,0
2922,1
2923,0
2924,0
2925,1
2926,0
2927,0
2928,1
2929,0
2930,0
2931,1
2932,0
2933,1
2934,0
2935,1
2936,0
2937,1
2938,0
2939,0
2940,1
2941,1
2942,1
2943,0
2944,1
2945,0
2946,1
2947,0
2948,1
2949,0
2950,0
2951,1
2952,1
2953,1
2954,0
2955,1
2956,1
2957,0
2958,1
2959,1
2960,0
2961,1
2962,1
2963,1
2964,0
2965,0
2966,1
2967,0
2968,0
2969,0
2970,0
2971,0
2972,1
2973,0
2974,0
2975,1
2976,1
2977,1
2978,1
2979,1
2980,0
2981,0
2982,0
2983,1
2984,1
2985,1
2986,1
2987,1
2988,1
2989,1
2990,0
2991,0
2992,1
2993,0
2994,1
2995,1
2996,0
2997,1
2998,1
2999,1
3000,1
3001,0
3002,1
3003,1
3004,1
3005,1
3006,1
3007,1
3008,0
3009,1
3010,0
3011,0
3012,0
3013,1
3014,0
3015,0
3016,1
3017,1
3018,0
3019,0
3020,1
3021,0
3022,1
3023,1
3024,1
3025,1
3026,1
3027,0
3028,0
3029,1
3030,0
3031,1
3032,0
3033,0
3034,0
3035,1
3036,1
3037,1
3038,0
3039,1
3040,0
3041,0
3042,0
3043,1
3044,0
3045,1
3046,0
3047,1
3048,0
3049,1
3050,0
3051,0
3052,1
3053,1
3054,1
3055,1
3056,1
3057,0
3058,0
3059,0
3060,1
3061,1
3062,0
3063,0
3064,0
3065,0
3066,0
3067,1
3068,0
3069,1
3070,1
3071,0
3072,0
3073,1
3074,1
3075,1
3076,0
3077,0
3078,0
3079,0
3080,0
3081,1
3082,0
3083,1
3084,1
3085,1
3086,1
3087,1
3088,1
3089,0
3090,1
3091,1
3092,1
3093,0
3094,0
3095,0
3096,1
3097,1
3098,0
3099,1
3100,1
3101,1
3102,1
3103,0
3104,1
3105,0
3106,0
3107,0
3108,0
3109,1
3110,0
3111,1
3112,0
3113,1
3114,0
3115,0
3116,1
3117,1
3118,1
3119,0
3120,1
3121,1
3122,0
3123,1
3124,1
3125,0
3126,0
3127,1
3128,0
3129,0
3130,1
3131,0
3132,0
3133,1
3134,1
3135,0
3136,0
3137,1
3138,0
3139,1
3140,0
3141,0
3142,1
3143,1
3144,1
3145,1
3146,0
3147,0
3148,0
3149,0
3150,0
3151,0
3152,0
3153,1
3154,0
3155,0
3156,0
3157,1
3158,0
3159,0
3160,0
3161,0
3162,0
3163,1
3164,1
3165,1
3166,0
3167,0
3168,1
3169,0
3170,1
3171,1
3172,0
3173,0
3174,1
3175,1
3176,0
3177,1
3178,0
3179,1
3180,0
3181,0
3182,1
3183,1
3184,1
3185,0
3186,0
3187,0
3188,0
3189,0
3190,1
3191,0
3192,0
3193,1
3194,1
3195,1
3196,1
3197,0
3198,1
3199,0
3200,1
3201,0
3202,0
3203,1
3204,0
3205,0
3206,0
3207,0
3208,0
3209,1
3210,1
3211,1
3212,1
3213,0
3214,0
3215,1
3216,1
3217,0
3218,1
3219,1
3220,1
3221,0
3222,0
3223,0
3224,0
3225,1
3226,1
3227,1
3228,0
3229,0
3230,0
3231,1
3232,1
3233,1
3234,1
3235,0
3236,1
3237,1
3238,0
3239,0
3240,1
3241,0
3242,1
3243,1
3244,1
3245,1
3246,0
3247,1
3248,1
3249,1
3250,1
3251,0
3252,0
3253,1
3254,1
3255,1
3256,1
3257,1
3258,1
3259,1
3260,1
3261,1
3262,1
3263,1
3264,1
3265,0
3266,1
3267,1
3268,0
3269,1
3270,1
3271,0
3272,0
3273,1
3274,1
3275,1
3276,0
3277,1
3278,0
3279,0
3280,0
3281,1
3282,0
3283,1
3284,1
3285,0
3286,1
3287,0
3288,1
3289,0
3290,0
3291,1
3292,1
3293,1
3294,0
3295,1
3296,0
3297,0
3298,1
3299,0
3300,1
3301,0
3302,0
3303,1
3304,0
3305,0
3306,0
3307,1
3308,1
3309,1
3310,1
3311,1
3312,1
3313,0
3314,1
3315,0
3316,1
3317,1
3318,0
3319,0
3320,1
3321,0
3322,1
3323,0
3324,0
3325,1
3326,1
3327,0
3328,0
3329,1
3330,0
3331,1
3332,1
3333,0
3334,0
3335,0
3336,1
3337,1
3338,0
3339,0
3340,1
3341,1
3342,1
3343,0
3344,0
3345,0
3346,1
3347,1
3348,1
3349,1
3350,1
3351,0
3352,0
3353,1
3354,0
3355,0
3356,0
3357,1
3358,0
3359,0
3360,0
3361,0
3362,1
3363,0
3364,1
3365,0
3366,1
3367,1
3368,1
3369,1
3370,0
3371,0
3372,1
3373,0
3374,1
3375,1
3376,0
3377,1
3378,0
3379,0
3380,1
3381,0
3382,0
3383,1
3384,0
3385,1
3386,1
3387,1
3388,1
3389,0
3390,0
3391,1
3392,1
3393,0
3394,0
3395,1
3396,1
3397,1
3398,0
3399,0
3400,1
3401,0
3402,1
3403,0
3404,1
3405,1
3406,1
3407,1
3408,0
3409,0
3410,1
3411,1
3412,1
3413,0
3414,1
3415,0
3416,1
3417,0
3418,0
3419,1
3420,0
3421,0
3422,1
3423,1
3424,1
3425,0
3426,0
3427,0
3428,0
3429,1
3430,0
3431,0
3432,1
3433,1
3434,0
3435,0
3436,0
3437,0
3438,0
3439,0
3440,0
3441,0
3442,0
3443,1
3444,0
3445,0
3446,0
3447,0
3448,0
3449,0
3450,1
3451,0
3452,1
3453,0
3454,1
3455,1
3456,1
3457,0
3458,0
3459,0
3460,1
3461,0
3462,0
3463,0
3464,0
3465,1
3466,0
3467,0
3468,1
3469,0
3470,1
3471,0
3472,1
3473,0
3474,1
3475,1
3476,0
3477,1
3478,0
3479,1
3480,0
3481,0
3482,0
3483,1
3484,0
3485,0
3486,0
3487,0
3488,0
3489,0
3490,1
3491,1
3492,1
3493,1
3494,1
3495,0
3496,0
3497,0
3498,0
3499,1
3500,0
3501,1
3502,1
3503,0
3504,0
3505,0
3506,1
3507,1
3508,1
3509,1
3510,1
3511,0
3512,1
3513,0
3514,1
3515,1
3516,1
3517,0
3518,1
3519,1
3520,0
3521,1
3522,0
3523,0
3524,0
3525,0
3526,0
3527,0
3528,0
3529,0
3530,1
3531,1
3532,1
3533,0
3534,1
3535,0
3536,1
3537,0
3538,1
3539,1
3540,1
3541,1
3542,1
3543,1
3544,1
3545,1
3546,0
3547,0
3548,0
3549,0
3550,0
3551,1
3552,1
3553,0
3554,1
3555,1
3556,1
3557,0
3558,0
3559,0
3560,0
3561,0
3562,0
3563,0
3564,1
3565,0
3566,1
3567,1
3568,0
3569,1
3570,0
3571,0
3572,0
3573,1
3574,1
3575,1
3576,1
3577,1
3578,1
3579,0
3580,1
3581,1
3582,1
3583,0
3584,0
3585,0
3586,0
3587,1
3588,0
3589,0
3590,1
3591,0
3592,1
3593,1
3594,1
3595,0
3596,1
3597,0
3598,1
3599,0
3600,0
3601,1
3602,0
3603,0
3604,1
3605,0
3606,0
3607,0
3608,0
3609,1
3610,0
3611,0
3612,0
3613,1
3614,1
3615,1
3616,0
3617,1
3618,1
3619,0
3620,1
3621,0
3622,0
3623,0
3624,1
3625,1
3626,1
3627,0
3628,0
3629,0
3630,1
3631,1
3632,0
3633,1
3634,0
3635,0
3636,0
3637,1
3638,1
3639,0
3640,0
3641,0
3642,1
3643,1
3644,0
3645,0
3646,1
3647,0
3648,1
3649,1
3650,0
3651,0
3652,1
3653,0
3654,1
3655,1
3656,0
3657,1
3658,0
3659,1
3660,0
3661,1
3662,0
3663,0
3664,1
3665,0
3666,1
3667,0
3668,0
3669,1
3670,0
3671,0
3672,0
3673,0
3674,0
3675,0
3676,1
3677,0
3678,0
3679,0
3680,1
3681,0
3682,0
3683,1
3684,1
3685,1
3686,0
3687,1
3688,1
3689,0
3690,1
3691,1
3692,1
3693,1
3694,0
3695,1
3696,0
3697,0
3698,0
3699,0
3700,0
3701,0
3702,0
3703,0
3704,1
3705,1
3706,1
3707,0
3708,1
3709,0
3710,1
3711,0
3712,0
3713,1
3714,1
3715,0
3716,1
3717,0
3718,1
3719,0
3720,1
3721,0
3722,0
3723,0
3724,0
3725,0
3726,1
3727,1
3728,1
3729,1
3730,0
3731,0
3732,0
3733,0
3734,0
3735,1
3736,1
3737,1
3738,1
3739,0
3740,0
3741,0
3742,0
3743,0
3744,1
3745,0
3746,0
3747,0
3748,1
3749,0
3750,0
3751,1
3752,0
3753,0
3754,0
3755,0
3756,1
3757,1
3758,0
3759,0
3760,0
3761,1
3762,1
3763,0
3764,1
3765,1
3766,1
3767,0
3768,0
3769,1
3770,1
3771,0
3772,1
3773,0
3774,1
3775,1
3776,0
3777,0
3778,1
3779,0
3780,0
3781,1
3782,1
3783,1
3784,1
3785,1
3786,1
3787,0
3788,0
3789,0
3790,1
3791,1
3792,0
3793,0
3794,1
3795,0
3796,1
3797,0
3798,0
3799,0
3800,1
3801,1
3802,0
3803,0
3804,0
3805,0
3806,0
3807,1
3808,1
3809,1
3810,1
3811,0
3812,0
3813,0
3814,0
3815,1
3816,0
3817,1
3818,0
3819,0
3820,1
3821,0
3822,0
3823,1
3824,1
3825,0
3826,1
3827,0
3828,0
3829,0
3830,0
3831,0
3832,1
3833,0
3834,0
3835,0
3836,1
3837,1
3838,0
3839,1
3840,1
3841,1
3842,0
3843,1
3844,1
3845,1
3846,1
3847,0
3848,0
3849,0
3850,1
3851,1
3852,1
3853,0
3854,0
3855,0
3856,1
3857,0
3858,0
3859,0
3860,0
3861,0
3862,0
3863,0
3864,1
3865,0
3866,0
3867,1
3868,0
3869,0
3870,1
3871,1
3872,1
3873,0
3874,0
3875,0
3876,0
3877,0
3878,1
3879,0
3880,1
3881,1
3882,1
3883,1
3884,1
3885,1
3886,1
3887,0
3888,1
3889,0
3890,0
3891,0
3892,1
3893,1
3894,1
3895,0
3896,1
3897,1
3898,1
3899,1
3900,0
3901,1
3902,1
3903,0
3904,1
3905,0
3906,0
3907,0
3908,1
3909,1
3910,0
3911,0
3912,1
3913,0
3914,1
3915,0
3916,0
3917,1
3918,0
3919,0
3920,0
3921,0
3922,0
3923,0
3924,1
3925,1
3926,0
3927,0
3928,1
3929,1
3930,1
3931,0
3932,1
3933,1
3934,1
3935,1
3936,0
3937,0
3938,0
3939,0
3940,0
3941,1
3942,1
3943,1
3944,0
3945,0
3946,1
3947,1
3948,0
3949,1
3950,1
3951,0
3952,0
3953,1
3954,1
3955,1
3956,0
3957,1
3958,1
3959,1
3960,1
3961,1
3962,1
3963,1
3964,1
3965,1
3966,0
3967,0
3968,0
3969,0
3970,0
3971,0
3972,0
3973,1
3974,1
3975,1
3976,0
3977,0
3978,1
3979,1
3980,1
3981,1
3982,1
3983,1
3984,1
3985,0
3986,0
3987,1
3988,1
3989,0
3990,0
3991,1
3992,1
3993,0
3994,1
3995,1
3996,1
3997,1
3998,1
3999,1
4000,0
4001,0
4002,1
4003,1
4004,1
4005,0
4006,1
4007,1
4008,1
4009,1
4010,1
4011,1
4012,1
4013,1
4014,0
4015,1
4016,1
4017,1
4018,0
4019,0
4020,1
4021,0
4022,0
4023,1
4024,1
4025,1
4026,1
4027,0
4028,0
4029,0
4030,1
4031,0
4032,0
4033,0
4034,0
4035,0
4036,1
4037,0
4038,0
4039,0
4040,0
4041,0
4042,1
4043,1
4044,1
4045,0
4046,0
4047,1
4048,1
4049,1
4050,1
4051,0
4052,0
4053,0
4054,1
4055,0
4056,1
4057,0
4058,0
4059,0
4060,1
4061,0
4062,0
4063,0
4064,1
4065,1
4066,1
4067,0
4068,0
4069,1
4070,1
4071,0
4072,1
4073,0
4074,0
4075,0
4076,1
4077,1
4078,0
4079,0
4080,1
4081,1
4082,1
4083,0
4084,0
4085,1
4086,1
4087,0
4088,0
4089,0
4090,0
4091,1
4092,1
4093,0
4094,0
4095,1
4096,1
4097,1
4098,0
4099,0
4100,1
4101,0
4102,0
4103,0
4104,1
4105,1
4106,0
4107,0
4108,1
4109,1
4110,1
4111,0
4112,1
4113,1
4114,1
4115,0
4116,0
4117,1
4118,1
4119,1
4120,0
4121,1
4122,1
4123,0
4124,0
4125,1
4126,0
4127,0
4128,0
4129,1
4130,0
4131,0
4132,0
4133,0
4134,1
4135,1
4136,0
4137,0
4138,1
4139,1
4140,1
4141,1
4142,0
4143,1
4144,0
4145,0
4146,1
4147,0
4148,0
4149,1
4150,1
4151,0
4152,0
4153,0
4154,0
4155,1
4156,0
4157,0
4158,1
4159,0
4160,0
4161,0
4162,0
4163,1
4164,0
4165,0
4166,1
4167,1
4168,1
4169,0
4170,1
4171,0
4172,1
4173,0
4174,0
4175,0
4176,0
4177,0
4178,1
4179,0
4180,1
4181,0
4182,0
4183,0
4184,1
4185,0
4186,0
4187,1
4188,1
4189,1
4190,0
4191,0
4192,0
4193,1
4194,1
4195,1
4196,1
4197,0
4198,0
4199,0
4200,0
4201,0
4202,1
4203,1
4204,0
4205,0
4206,1
4207,0
4208,1
4209,0
4210,1
4211,0
4212,1
4213,0
4214,0
4215,0
4216,1
4217,0
4218,0
4219,0
4220,1
4221,0
4222,0
4223,0
4224,0
4225,0
4226,1
4227,1
4228,0
4229,0
4230,1
4231,1
4232,1
4233,1
4234,0
4235,1
4236,1
4237,1
4238,1
4239,1
4240,1
4241,0
4242,1
4243,0
4244,1
4245,0
4246,0
4247,0
4248,1
4249,0
4250,1
4251,1
4252,0
4253,0
4254,1
4255,0
4256,0
4257,1
4258,0
4259,1
4260,0
4261,0
4262,0
4263,1
4264,1
4265,0
4266,0
4267,0
4268,0
4269,0
4270,1
4271,1
4272,0
4273,1
4274,0
4275,1
4276,1
4277,0
4278,0
4279,1
4280,1
4281,1
4282,1
4283,1
4284,0
4285,0
4286,1
4287,1
4288,1
4289,1
4290,1
4291,1
4292,1
4293,1
4294,1
4295,0
4296,0
4297,1
4298,0
4299,0
4300,1
4301,0
4302,0
4303,0
4304,1
4305,0
4306,0
4307,1
4308,1
4309,0
4310,0
4311,0
4312,1
4313,1
4314,0
4315,0
4316,0
4317,0
4318,0
4319,1
4320,0
4321,0
4322,1
4323,1
4324,0
4325,0
4326,1
4327,1
4328,1
4329,1
4330,1
4331,1
4332,0
4333,0
4334,1
4335,0
4336,0
4337,1
4338,0
4339,0
4340,1
4341,0
4342,0
4343,1
4344,1
4345,0
4346,1
4347,0
4348,1
4349,1
4350,0
4351,1
4352,1
4353,1
4354,0
4355,0
4356,1
4357,1
4358,0
4359,1
4360,0
4361,1
4362,1
4363,0
4364,0
4365,0
4366,1
4367,1
4368,1
4369,0
4370,0
4371,1
4372,0
4373,0
4374,0
4375,1
4376,0
4377,1
4378,0
4379,1
4380,1
4381,1
4382,0
4383,1
4384,0
4385,1
4386,1
4387,1
4388,1
4389,1
4390,0
4391,1
4392,1
4393,1
4394,1
4395,1
4396,1
4397,0
4398,0
4399,1
4400,1
4401,1
4402,1
4403,0
4404,1
4405,0
4406,1
4407,1
4408,0
4409,0
4410,0
4411,0
4412,1
4413,0
4414,0
4415,1
4416,1
4417,0
4418,1
4419,1
4420,1
4421,1
4422,1
4423,1
4424,1
4425,0
4426,0
4427,1
4428,1
4429,0
4430,0
4431,0
4432,0
4433,1
4434,1
4435,0
4436,1
4437,1
4438,1
4439,0
4440,1
4441,0
4442,1
4443,0
4444,0
4445,1
4446,0
4447,0
4448,1
4449,0
4450,1
4451,1
4452,0
4453,1
4454,0
4455,1
4456,1
4457,1
4458,0
4459,0
4460,1
4461,1
4462,1
4463,1
4464,1
4465,1
4466,0
4467,1
4468,0
4469,1
4470,0
4471,1
4472,1
4473,1
4474,0
4475,0
4476,1
4477,0
4478,0
4479,1
4480,1
4481,0
4482,1
4483,0
4484,1
4485,0
4486,0
4487,1
4488,0
4489,1
4490,0
4491,0
4492,1
4493,1
4494,0
4495,0
4496,0
4497,1
4498,0
4499,0
4500,1
4501,0
4502,0
4503,1
4504,1
4505,1
4506,0
4507,0
4508,0
4509,0
4510,0
4511,0
4512,0
4513,1
4514,1
4515,0
4516,1
4517,1
4518,0
4519,0
4520,1
4521,1
4522,1
4523,1
4524,1
4525,0
4526,0
4527,1
4528,1
4529,1
4530,0
4531,1
4532,0
4533,1
4534,0
4535,0
4536,1
4537,0
4538,1
4539,1
4540,1
4541,1
4542,0
4543,1
4544,0
4545,1
4546,1
4547,0
4548,1
4549,1
4550,0
4551,1
4552,0
4553,0
4554,0
4555,0
4556,0
4557,1
4558,1
4559,0
4560,1
4561,0
4562,0
4563,0
4564,0
4565,0
4566,1
4567,1
4568,0
4569,1
4570,1
4571,1
4572,1
4573,0
4574,0
4575,1
4576,0
4577,1
4578,1
4579,0
4580,0
4581,0
4582,1
4583,1
4584,0
4585,1
4586,1
4587,0
4588,1
4589,1
4590,0
4591,1
4592,0
4593,1
4594,0
4595,0
4596,1
4597,0
4598,1
4599,0
4600,0
4601,1
4602,0
4603,0
4604,0
4605,1
4606,0
4607,1
4608,1
4609,1
4610,0
4611,0
4612,1
4613,0
4614,0
4615,0
4616,0
4617,0
4618,0
4619,1
4620,1
4621,1
4622,1
4623,1
4624,0
4625,1
4626,0
4627,1
4628,0
4629,1
4630,1
4631,0
4632,1
4633,1
4634,0
4635,1
4636,0
4637,1
4638,0
4639,1
4640,1
4641,1
4642,0
4643,0
4644,0
4645,0
4646,0
4647,1
4648,1
4649,1
4650,1
4651,1
4652,1
4653,0
4654,1
4655,0
4656,0
4657,0
4658,1
4659,0
4660,0
4661,1
4662,0
4663,1
4664,1
4665,0
4666,0
4667,1
4668,0
4669,0
4670,0
4671,0
4672,0
4673,0
4674,1
4675,1
4676,0
4677,1
4678,0
4679,1
4680,0
4681,0
4682,1
4683,1
4684,1
4685,0
4686,1
4687,1
4688,0
4689,1
4690,1
4691,0
4692,0
4693,0
4694,0
4695,1
4696,1
4697,1
4698,0
4699,1
4700,1
4701,1
4702,0
4703,0
4704,0
4705,1
4706,1
4707,0
4708,1
4709,0
4710,1
4711,0
4712,1
4713,0
4714,0
4715,0
4716,1
4717,0
4718,1
4719,1
4720,1
4721,0
4722,1
4723,0
4724,1
4725,1
4726,1
4727,0
4728,0
4729,1
4730,1
4731,1
4732,1
4733,0
4734,1
4735,1
4736,1
4737,0
4738,1
4739,0
4740,1
4741,0
4742,1
4743,0
4744,1
4745,1
4746,0
4747,0
4748,1
4749,0
4750,0
4751,0
4752,1
4753,0
4754,0
4755,0
4756,1
4757,0
4758,1
4759,1
4760,0
4761,1
4762,1
4763,1
4764,0
4765,1
4766,0
4767,0
4768,1
4769,1
4770,1
4771,0
4772,1
4773,1
4774,0
4775,0
4776,1
4777,1
4778,1
4779,1
4780,1
4781,1
4782,0
4783,0
4784,1
4785,1
4786,0
4787,1
4788,0
4789,0
4790,1
4791,0
4792,1
4793,0
4794,0
4795,0
4796,0
4797,1
4798,1
4799,0
4800,0
4801,1
4802,1
4803,0
4804,0
4805,1
4806,1
4807,1
4808,1
4809,1
4810,1
4811,0
4812,0
4813,0
4814,1
4815,0
4816,1
4817,0
4818,1
4819,1
4820,0
4821,1
4822,1
4823,0
4824,1
4825,1
4826,1
4827,0
4828,0
4829,0
4830,0
4831,0
4832,0
4833,0
4834,1
4835,0
4836,1
4837,1
4838,1
4839,0
4840,1
4841,1
4842,0
4843,0
4844,0
4845,0
4846,0
4847,1
4848,1
4849,0
4850,0
4851,1
4852,1
4853,1
4854,0
4855,1
4856,1
4857,1
4858,1
4859,1
4860,1
4861,1
4862,0
4863,0
4864,1
4865,1
4866,0
4867,1
4868,1
4869,0
4870,0
4871,1
4872,1
4873,0
4874,1
4875,1
4876,1
4877,1
4878,0
4879,1
4880,1
4881,0
4882,1
4883,0
4884,1
4885,0
4886,1
4887,1
4888,0
4889,1
4890,0
4891,1
4892,1
4893,0
4894,1
4895,1
4896,0
4897,1
4898,0
4899,0
4900,1
4901,0
4902,0
4903,1
4904,0
4905,1
4906,1
4907,0
4908,1
4909,0
4910,1
4911,1
4912,1
4913,0
4914,0
4915,1
4916,0
4917,0
4918,1
4919,1
4920,0
4921,1
4922,1
4923,0
4924,1
4925,0
4926,0
4927,1
4928,0
4929,0
4930,1
4931,0
4932,0
4933,1
4934,0
4935,0
4936,0
4937,0
4938,1
4939,1
4940,1
4941,0
4942,0
4943,1
4944,1
4945,1
4946,1
4947,0
4948,0
4949,0
4950,1
4951,0
4952,0
4953,0
4954,1
4955,0
4956,0
4957,1
4958,0
4959,0
4960,0
4961,1
4962,0
4963,0
4964,1
4965,1
4966,1
4967,0
4968,1
4969,0
4970,1
4971,1
4972,0
4973,1
4974,0
4975,0
4976,1
4977,1
4978,1
4979,0
4980,0
4981,1
4982,0
4983,0
4984,0
4985,0
4986,0
4987,1
4988,0
4989,1
4990,1
4991,0
4992,1
4993,0
4994,0
4995,1
4996,1
4997,0
4998,1
4999,0
5000,0
5001,0
5002,1
5003,1
5004,0
5005,0
5006,1
5007,1
5008,0
5009,1
5010,1
5011,0
5012,1
5013,0
5014,0
5015,0
5016,0
5017,1
5018,1
5019,0
5020,1
5021,1
5022,1
5023,0
5024,1
5025,0
5026,0
5027,1
5028,0
5029,1
5030,1
5031,1
5032,1
5033,1
5034,0
5035,1
5036,1
5037,0
5038,1
5039,0
5040,0
5041,0
5042,0
5043,1
5044,1
5045,1
5046,0
5047,0
5048,1
5049,0
5050,0
5051,0
5052,1
5053,0
5054,1
5055,0
5056,1
5057,1
5058,0
5059,0
5060,0
5061,1
5062,1
5063,1
5064,0
5065,1
5066,0
5067,0
5068,1
5069,1
5070,0
5071,1
5072,1
5073,1
5074,0
5075,0
5076,0
5077,0
5078,0
5079,1
5080,0
5081,1
5082,1
5083,1
5084,1
5085,1
5086,1
5087,0
5088,1
5089,0
5090,1
5091,0
5092,1
5093,1
5094,0
5095,1
5096,1
5097,0
5098,0
5099,0
5100,0
5101,1
5102,0
5103,0
5104,0
5105,0
5106,0
5107,1
5108,1
5109,1
5110,0
5111,1
5112,1
5113,1
5114,0
5115,1
5116,1
5117,0
5118,0
5119,1
5120,0
5121,1
5122,0
5123,1
5124,0
5125,0
5126,0
5127,1
5128,0
5129,1
5130,1
5131,1
5132,0
5133,1
5134,0
5135,1
5136,1
5137,0
5138,1
5139,1
5140,0
5141,1
5142,0
5143,0
5144,1
5145,0
5146,1
5147,1
5148,1
5149,0
5150,0
5151,0
5152,0
5153,0
5154,1
5155,1
5156,0
5157,1
5158,0
5159,1
5160,1
5161,1
5162,0
5163,0
5164,1
5165,1
5166,1
5167,0
5168,0
5169,0
5170,1
5171,0
5172,1
5173,1
5174,1
5175,1
5176,0
5177,0
5178,1
5179,1
5180,0
5181,1
5182,1
5183,0
5184,0
5185,1
5186,0
5187,1
5188,0
5189,0
5190,1
5191,0
5192,1
5193,0
5194,1
5195,1
5196,1
5197,1
5198,1
5199,0
5200,0
5201,1
5202,1
5203,1
5204,0
5205,1
5206,0
5207,0
5208,1
5209,1
5210,0
5211,0
5212,0
5213,0
5214,1
5215,0
5216,0
5217,1
5218,1
5219,1
5220,1
5221,1
5222,1
5223,1
5224,0
5225,0
5226,1
5227,1
5228,1
5229,0
5230,0
5231,1
5232,1
5233,1
5234,0
5235,1
5236,1
5237,0
5238,1
5239,1
5240,1
5241,1
5242,1
5243,0
5244,0
5245,0
5246,0
5247,1
5248,0
5249,0
5250,1
5251,0
5252,1
5253,1
5254,1
5255,1
5256,0
5257,1
5258,0
5259,1
5260,0
5261,1
5262,1
5263,1
5264,0
5265,1
5266,1
5267,0
5268,1
5269,0
5270,1
5271,1
5272,1
5273,0
5274,0
5275,1
5276,1
5277,0
5278,1
5279,0
5280,1
5281,0
5282,1
5283,0
5284,0
5285,1
5286,1
5287,1
5288,0
5289,1
5290,1
5291,0
5292,1
5293,0
5294,0
5295,0
5296,1
5297,1
5298,0
5299,1
5300,1
5301,1
5302,0
5303,0
5304,0
5305,1
5306,0
5307,1
5308,1
5309,1
5310,0
5311,1
5312,0
5313,0
5314,1
5315,1
5316,1
5317,0
5318,0
5319,0
5320,0
5321,0
5322,0
5323,0
5324,1
5325,1
5326,1
5327,1
5328,1
5329,0
5330,1
5331,1
5332,1
5333,0
5334,0
5335,0
5336,0
5337,0
5338,0
5339,1
5340,0
5341,1
5342,0
5343,1
5344,0
5345,0
5346,1
5347,0
5348,1
5349,0
5350,1
5351,1
5352,0
5353,0
5354,0
5355,1
5356,1
5357,0
5358,0
5359,0
5360,1
5361,1
5362,0
5363,0
5364,0
5365,1
5366,0
5367,1
5368,1
5369,0
5370,1
5371,1
5372,1
5373,1
5374,0
5375,0
5376,1
5377,1
5378,0
5379,1
5380,1
5381,0
5382,0
5383,0
5384,0
5385,0
5386,0
5387,1
5388,0
5389,0
5390,0
5391,1
5392,1
5393,1
5394,0
5395,1
5396,1
5397,1
5398,0
5399,1
5400,1
5401,0
5402,1
5403,1
5404,1
5405,1
5406,1
5407,1
5408,1
5409,1
5410,0
5411,1
5412,1
5413,1
5414,1
5415,1
5416,0
5417,0
5418,0
5419,1
5420,0
5421,0
5422,0
5423,0
5424,1
5425,1
5426,0
5427,1
5428,1
5429,0
5430,0
5431,1
5432,1
5433,0
5434,1
5435,1
5436,0
5437,1
5438,0
5439,1
5440,1
5441,1
5442,0
5443,1
5444,1
5445,0
5446,0
5447,1
5448,0
5449,0
5450,0
5451,0
5452,1
5453,0
5454,0
5455,0
5456,0
5457,0
5458,1
5459,0
5460,1
5461,1
5462,0
5463,1
5464,0
5465,1
5466,0
5467,1
5468,1
5469,0
5470,0
5471,0
5472,0
5473,0
5474,1
5475,0
5476,1
5477,1
5478,1
5479,0
5480,1
5481,1
5482,0
5483,1
5484,0
5485,0
5486,0
5487,0
5488,1
5489,0
5490,1
5491,1
5492,1
5493,1
5494,1
5495,1
5496,1
5497,1
5498,1
5499,1
5500,1
5501,1
5502,1
5503,1
5504,1
5505,1
5506,0
5507,1
5508,0
5509,1
5510,0
5511,0
5512,0
5513,1
5514,0
5515,0
5516,0
5517,1
5518,1
5519,1
5520,1
5521,1
5522,1
5523,0
5524,0
5525,1
5526,1
5527,1
5528,1
5529,1
5530,0
5531,1
5532,0
5533,1
5534,1
5535,1
5536,1
5537,1
5538,1
5539,1
5540,1
5541,1
5542,1
5543,1
5544,1
5545,0
5546,1
5547,1
5548,0
5549,0
5550,0
5551,1
5552,0
5553,0
5554,0
5555,1
5556,0
5557,0
5558,1
5559,1
5560,0
5561,0
5562,1
5563,0
5564,0
5565,1
5566,1
5567,0
5568,1
5569,0
5570,0
5571,1
5572,0
5573,0
5574,1
5575,1
5576,0
5577,1
5578,1
5579,1
5580,0
5581,0
5582,1
5583,1
5584,0
5585,0
5586,0
5587,0
5588,0
5589,0
5590,0
5591,0
5592,1
5593,1
5594,1
5595,0
5596,0
5597,0
5598,0
5599,0
5600,0
5601,1
5602,1
5603,0
5604,0
5605,1
5606,1
5607,1
5608,1
5609,0
5610,0
5611,0
5612,0
5613,1
5614,1
5615,1
5616,0
5617,1
5618,1
5619,0
5620,0
5621,1
5622,0
5623,1
5624,0
5625,0
5626,0
5627,0
5628,1
5629,1
5630,1
5631,0
5632,1
5633,1
5634,1
5635,0
5636,0
5637,0
5638,0
5639,0
5640,1
5641,0
5642,0
5643,0
5644,0
5645,1
5646,1
5647,1
5648,1
5649,0
5650,1
5651,0
5652,0
5653,0
5654,0
5655,1
5656,0
5657,0
5658,1
5659,1
5660,0
5661,0
5662,0
5663,0
5664,1
5665,0
5666,1
5667,1
5668,1
5669,1
5670,0
5671,0
5672,1
5673,0
5674,0
5675,1
5676,0
5677,0
5678,1
5679,0
5680,1
5681,1
5682,0
5683,0
5684,1
5685,0
5686,1
5687,0
5688,1
5689,0
5690,1
5691,0
5692,1
5693,0
5694,1
5695,1
5696,0
5697,0
5698,1
5699,1
5700,1
5701,0
5702,0
5703,1
5704,1
5705,1
5706,1
5707,0
5708,1
5709,0
5710,1
5711,0
5712,1
5713,1
5714,0
5715,1
5716,1
5717,0
5718,1
5719,0
5720,1
5721,1
5722,0
5723,0
5724,0
5725,1
5726,1
5727,0
5728,0
5729,1
5730,0
5731,1
5732,1
5733,1
5734,1
5735,0
5736,1
5737,0
5738,1
5739,0
5740,1
5741,0
5742,0
5743,1
5744,1
5745,0
5746,1
5747,0
5748,0
5749,1
5750,1
5751,1
5752,1
5753,0
5754,1
5755,1
5756,1
5757,0
5758,1
5759,0
5760,1
5761,1
5762,1
5763,1
5764,0
5765,0
5766,0
5767,1
5768,1
5769,0
5770,0
5771,0
5772,1
5773,0
5774,0
5775,0
5776,1
5777,0
5778,1
5779,1
5780,0
5781,1
5782,1
5783,0
5784,0
5785,1
5786,0
5787,1
5788,1
5789,1
5790,1
5791,1
5792,1
5793,0
5794,0
5795,1
5796,1
5797,1
5798,1
5799,1
5800,1
5801,1
5802,0
5803,1
5804,0
5805,1
5806,0
5807,0
5808,0
5809,0
5810,0
5811,1
5812,0
5813,0
5814,0
5815,1
5816,0
5817,1
5818,1
5819,0
5820,0
5821,0
5822,0
5823,1
5824,0
5825,0
5826,1
5827,0
5828,0
5829,0
5830,1
5831,1
5832,0
5833,0
5834,0
5835,1
5836,1
5837,1
5838,1
5839,0
5840,0
5841,1
5842,0
5843,1
5844,1
5845,1
5846,0
5847,0
5848,1
5849,1
5850,1
5851,0
5852,1
5853,0
5854,0
5855,1
5856,1
5857,0
5858,1
5859,1
5860,0
5861,0
5862,0
5863,0
5864,1
5865,1
5866,0
5867,0
5868,0
5869,0
5870,1
5871,1
5872,1
5873,0
5874,0
5875,0
5876,0
5877,1
5878,0
5879,1
5880,0
5881,0
5882,0
5883,1
5884,1
5885,1
5886,1
5887,1
5888,1
5889,1
5890,0
5891,1
5892,0
5893,1
5894,0
5895,1
5896,0
5897,1
5898,1
5899,1
5900,1
5901,1
5902,0
5903,1
5904,0
5905,1
5906,0
5907,0
5908,1
5909,0
5910,0
5911,1
5912,0
5913,0
5914,0
5915,1
5916,1
5917,0
5918,1
5919,1
5920,1
5921,1
5922,1
5923,1
5924,0
5925,0
5926,0
5927,1
5928,0
5929,1
5930,1
5931,0
5932,0
5933,0
5934,0
5935,1
5936,0
5937,0
5938,1
5939,1
5940,1
5941,0
5942,0
5943,0
5944,0
5945,1
5946,1
5947,0
5948,1
5949,0
5950,0
5951,0
5952,1
5953,1
5954,0
5955,0
5956,0
5957,0
5958,0
5959,1
5960,0
5961,0
5962,0
5963,0
5964,0
5965,1
5966,1
5967,1
5968,0
5969,1
5970,1
5971,0
5972,0
5973,1
5974,0
5975,1
5976,0
5977,1
5978,0
5979,0
5980,0
5981,0
5982,0
5983,0
5984,1
5985,1
5986,0
5987,0
5988,1
5989,1
5990,0
5991,0
5992,0
5993,0
5994,0
5995,0
5996,0
5997,1
5998,0
5999,1
6000,1
6001,0
6002,0
6003,1
6004,0
6005,1
6006,0
6007,1
6008,0
6009,1
6010,0
6011,0
6012,1
6013,1
6014,1
6015,1
6016,1
6017,1
6018,0
6019,1
6020,1
6021,1
6022,1
6023,0
6024,1
6025,0
6026,0
6027,1
6028,1
6029,0
6030,1
6031,0
6032,0
6033,1
6034,1
6035,0
6036,1
6037,0
6038,0
6039,0
6040,1
6041,1
6042,0
6043,0
6044,1
6045,1
6046,0
6047,1
6048,1
6049,0
6050,0
6051,1
6052,0
6053,1
6054,1
6055,0
6056,0
6057,1
6058,1
6059,1
6060,0
6061,0
6062,1
6063,1
6064,1
6065,0
6066,0
6067,0
6068,0
6069,0
6070,1
6071,0
6072,1
6073,1
6074,0
6075,1
6076,0
6077,1
6078,1
6079,1
6080,0
6081,1
6082,0
6083,1
6084,1
6085,1
6086,0
6087,0
6088,0
6089,1
6090,1
6091,1
6092,1
6093,0
6094,0
6095,0
6096,0
6097,0
6098,1
6099,0
6100,1
6101,0
6102,1
6103,1
6104,1
6105,0
6106,0
6107,1
6108,1
6109,1
6110,1
6111,1
6112,0
6113,0
6114,1
6115,1
6116,1
6117,1
6118,0
6119,1
6120,1
6121,1
6122,1
6123,1
6124,1
6125,1
6126,1
6127,1
6128,0
6129,1
6130,0
6131,1
6132,1
6133,0
6134,0
6135,1
6136,1
6137,1
6138,0
6139,0
6140,1
6141,0
6142,0
6143,1
6144,1
6145,0
6146,1
6147,0
6148,0
6149,0
6150,1
6151,1
6152,1
6153,0
6154,1
6155,1
6156,0
6157,0
6158,0
6159,1
6160,0
6161,0
6162,1
6163,0
6164,0
6165,1
6166,1
6167,0
6168,1
6169,0
6170,1
6171,0
6172,1
6173,1
6174,1
6175,0
6176,1
6177,1
6178,1
6179,1
6180,1
6181,0
6182,0
6183,1
6184,0
6185,1
6186,1
6187,0
6188,1
6189,1
6190,0
6191,1
6192,1
6193,0
6194,1
6195,0
6196,0
6197,0
6198,0
6199,1
6200,1
6201,0
6202,1
6203,1
6204,0
6205,0
6206,1
6207,0
6208,1
6209,0
6210,0
6211,1
6212,1
6213,1
6214,1
6215,1
6216,0
6217,1
6218,1
6219,1
6220,1
6221,1
6222,0
6223,0
6224,0
6225,0
6226,0
6227,0
6228,1
6229,1
6230,0
6231,0
6232,1
6233,0
6234,1
6235,1
6236,1
6237,1
6238,0
6239,1
6240,1
6241,0
6242,0
6243,1
6244,1
6245,1
6246,1
6247,1
6248,1
6249,1
6250,0
6251,0
6252,0
6253,0
6254,1
6255,0
6256,1
6257,0
6258,0
6259,1
6260,0
6261,1
6262,0
6263,1
6264,0
6265,1
6266,0
6267,1
6268,0
6269,0
6270,0
6271,0
6272,1
6273,0
6274,0
6275,1
6276,0
6277,1
6278,0
6279,0
6280,0
6281,0
6282,0
6283,1
6284,1
6285,0
6286,0
6287,1
6288,1
6289,0
6290,0
6291,1
6292,1
6293,1
6294,1
6295,1
6296,0
6297,0
6298,0
6299,1
6300,1
6301,1
6302,1
6303,1
6304,0
6305,1
6306,0
6307,0
6308,0
6309,0
6310,0
6311,1
6312,0
6313,1
6314,1
6315,1
6316,1
6317,0
6318,0
6319,1
6320,1
6321,1
6322,1
6323,1
6324,1
6325,0
6326,0
6327,1
6328,1
6329,1
6330,1
6331,1
6332,1
6333,1
6334,0
6335,1
6336,1
6337,0
6338,1
6339,1
6340,0
6341,0
6342,1
6343,1
6344,1
6345,1
6346,1
6347,0
6348,0
6349,1
6350,1
6351,0
6352,0
6353,1
6354,1
6355,1
6356,0
6357,1
6358,1
6359,1
6360,0
6361,1
6362,1
6363,1
6364,1
6365,0
6366,0
6367,0
6368,1
6369,0
6370,0
6371,0
6372,1
6373,1
6374,0
6375,0
6376,1
6377,1
6378,0
6379,1
6380,1
6381,1
6382,0
6383,1
6384,1
6385,0
6386,0
6387,0
6388,1
6389,1
6390,1
6391,1
6392,0
6393,1
6394,0
6395,1
6396,1
6397,0
6398,1
6399,1
6400,1
6401,0
6402,1
6403,1
6404,1
6405,0
6406,0
6407,1
6408,0
6409,1
6410,1
6411,1
6412,1
6413,0
6414,1
6415,1
6416,0
6417,1
6418,0
6419,0
6420,1
6421,1
6422,1
6423,1
6424,0
6425,1
6426,0
6427,0
6428,1
6429,0
6430,0
6431,1
6432,1
6433,0
6434,0
6435,0
6436,0
6437,0
6438,1
6439,1
6440,0
6441,0
6442,0
6443,1
6444,0
6445,0
6446,1
6447,0
6448,1
6449,1
6450,0
6451,1
6452,0
6453,1
6454,1
6455,0
6456,0
6457,1
6458,0
6459,1
6460,1
6461,1
6462,1
6463,1
6464,1
6465,0
6466,1
6467,1
6468,0
6469,0
6470,0
6471,1
6472,0
6473,0
6474,0
6475,1
6476,0
6477,0
6478,1
6479,1
6480,1
6481,0
6482,1
6483,0
6484,0
6485,0
6486,0
6487,0
6488,1
6489,1
6490,1
6491,1
6492,1
6493,0
6494,1
6495,0
6496,1
6497,0
6498,1
6499,0
6500,0
6501,1
6502,0
6503,1
6504,0
6505,1
6506,0
6507,1
6508,1
6509,0
6510,1
6511,1
6512,0
6513,1
6514,0
6515,0
6516,0
6517,0
6518,0
6519,0
6520,0
6521,1
6522,1
6523,1
6524,1
6525,1
6526,0
6527,1
6528,0
6529,0
6530,1
6531,0
6532,1
6533,1
6534,1
6535,0
6536,0
6537,1
6538,1
6539,1
6540,0
6541,1
6542,0
6543,1
6544,0
6545,0
6546,0
6547,0
6548,1
6549,0
6550,0
6551,1
6552,1
6553,1
6554,0
6555,1
6556,1
6557,0
6558,1
6559,1
6560,0
6561,0
6562,0
6563,1
6564,0
6565,0
6566,1
6567,1
6568,0
6569,1
6570,0
6571,1
6572,0
6573,1
6574,0
6575,0
6576,1
6577,0
6578,1
6579,0
6580,0
6581,1
6582,1
6583,0
6584,0
6585,0
6586,0
6587,1
6588,0
6589,1
6590,1
6591,1
6592,1
6593,1
6594,0
6595,0
6596,1
6597,1
6598,0
6599,0
6600,0
6601,1
6602,0
6603,1
6604,0
6605,0
6606,1
6607,1
6608,0
6609,1
6610,0
6611,1
6612,0
6613,1
6614,0
6615,1
6616,1
6617,0
6618,1
6619,1
6620,1
6621,1
6622,0
6623,1
6624,0
6625,0
6626,1
6627,1
6628,1
6629,0
6630,1
6631,0
6632,1
6633,0
6634,1
6635,1
6636,0
6637,1
6638,1
6639,1
6640,1
6641,1
6642,0
6643,0
6644,0
6645,1
6646,1
6647,0
6648,1
6649,1
6650,0
6651,1
6652,1
6653,0
6654,1
6655,0
6656,1
6657,1
6658,1
6659,1
6660,0
6661,0
6662,0
6663,0
6664,0
6665,0
6666,0
6667,0
6668,1
6669,0
6670,1
6671,0
6672,0
6673,0
6674,0
6675,1
6676,0
6677,1
6678,0
6679,1
6680,0
6681,0
6682,1
6683,1
6684,1
6685,1
6686,0
6687,1
6688,1
6689,0
6690,0
6691,0
6692,1
6693,0
6694,0
6695,0
6696,0
6697,1
6698,1
6699,0
6700,1
6701,0
6702,1
6703,1
6704,1
6705,1
6706,1
6707,1
6708,0
6709,0
6710,1
6711,0
6712,1
6713,0
6714,1
6715,0
6716,1
6717,0
6718,0
6719,1
6720,1
6721,1
6722,0
6723,1
6724,1
6725,1
6726,1
6727,0
6728,0
6729,1
6730,1
6731,0
6732,0
6733,0
6734,0
6735,1
6736,0
6737,1
6738,0
6739,0
6740,0
6741,1
6742,1
6743,1
6744,1
6745,1
6746,0
6747,1
6748,0
6749,1
6750,1
6751,1
6752,1
6753,0
6754,0
6755,0
6756,1
6757,0
6758,1
6759,0
6760,0
6761,1
6762,1
6763,0
6764,0
6765,0
6766,1
6767,0
6768,1
6769,0
6770,1
6771,1
6772,1
6773,1
6774,0
6775,0
6776,0
6777,0
6778,0
6779,1
6780,0
6781,1
6782,0
6783,0
6784,1
6785,1
6786,1
6787,0
6788,0
6789,0
6790,1
6791,1
6792,1
6793,0
6794,1
6795,0
6796,1
6797,0
6798,1
6799,1
6800,1
6801,1
6802,0
6803,1
6804,0
6805,0
6806,0
6807,1
6808,1
6809,1
6810,1
6811,1
6812,0
6813,1
6814,1
6815,1
6816,0
6817,0
6818,1
6819,0
6820,1
6821,1
6822,0
6823,1
6824,0
6825,1
6826,0
6827,0
6828,1
6829,0
6830,1
6831,0
6832,0
6833,0
6834,1
6835,1
6836,1
6837,1
6838,1
6839,1
6840,1
6841,0
6842,0
6843,1
6844,1
6845,1
6846,0
6847,0
6848,0
6849,0
6850,1
6851,1
6852,1
6853,0
6854,0
6855,1
6856,1
6857,1
6858,0
6859,0
6860,1
6861,1
6862,1
6863,1
6864,0
6865,0
6866,0
6867,0
6868,0
6869,1
6870,0
6871,0
6872,0
6873,0
6874,1
6875,0
6876,1
6877,1
6878,1
6879,1
6880,1
6881,1
6882,1
6883,1
6884,0
6885,0
6886,1
6887,1
6888,1
6889,1
6890,0
6891,1
6892,0
6893,0
6894,1
6895,1
6896,1
6897,0
6898,1
6899,1
6900,0
6901,1
6902,0
6903,1
6904,0
6905,0
6906,1
6907,0
6908,1
6909,1
6910,0
6911,0
6912,1
6913,0
6914,0
6915,1
6916,0
6917,1
6918,1
6919,0
6920,0
6921,0
6922,0
6923,0
6924,1
6925,0
6926,1
6927,1
6928,0
6929,0
6930,0
6931,1
6932,1
6933,0
6934,1
6935,1
6936,0
6937,0
6938,1
6939,0
6940,0
6941,0
6942,1
6943,0
6944,1
6945,0
6946,0
6947,0
6948,1
6949,1
6950,1
6951,0
6952,1
6953,1
6954,1
6955,1
6956,0
6957,0
6958,0
6959,0
6960,1
6961,1
6962,0
6963,0
6964,0
6965,1
6966,1
6967,1
6968,0
6969,1
6970,1
6971,0
6972,0
6973,1
6974,1
6975,1
6976,0
6977,1
6978,1
6979,0
6980,0
6981,0
6982,1
6983,0
6984,0
6985,0
6986,1
6987,0
6988,1
6989,0
6990,1
6991,1
6992,1
6993,1
6994,0
6995,1
6996,1
6997,1
6998,0
6999,0
7000,0
